id;recherche_employe;nom_employe;prenom_employe;sexe;etat_civil;date_naissance;num_reg_naiss;nom_pere;prenom_pere;nom_mere;prenom_mere;nationalite;type_piece_identite;nin;nin_cedeao;num_piece_identite;delivre_le;lieu_delivrance;expire_le;ville_naissance;pays_naissance;employeur_prec;pays;region;department;arondissement;commune;qartier;address;boite_postale;type_mouvement;nature_contrat;date_debut_contrat;date_fin_contrat;profession;emploi;non_cadre;oui_cadre;convention_applicable;salaire_contractuel;temps_travail;categorie;motif_sortie;tot_sal_ass_css_pf_1;tot_sal_ass_css_atmp_1;tot_sal_ass_ipres_rg_1;tot_sal_ass_ipres_rcc_1;salaire_brut_1;nombre_jours_1;nombre_heures_1;temps_travail_1;tranche_travail_1;regime_general_1;regim_comp_cadre_1;date_effet_regime_cadre_1;tot_sal_ass_css_pf_2;tot_sal_ass_css_atmp_2;tot_sal_ass_ipres_rg_2;tot_sal_ass_ipres_rcc_2;salaire_brut_2;nombre_jours_2;nombre_heures_2;temps_travail_2;tranche_travail_2;regime_general_2;regim_comp_cadre_2;date_effet_regime_cadre_2;tot_sal_ass_css_pf_3;tot_sal_ass_css_atmp_3;tot_sal_ass_ipres_rg_3;tot_sal_ass_ipres_rcc_3;salaire_brut_3;nombre_jours_3;nombre_heures_3;temps_travail_3;tranche_travail_3;regime_general_3;regim_comp_cadre_3;date_effet_regime_cadre_3
1;West Virginia Cotton;Bangladesh;indexing;programming;transmit;2020-02-14;withdrawal;Wooden relationships;Saint Pierre and Miquelon;Fully-configurable Avon Grocery;Facilitator;online Secured;bluetooth FTP Dale;Mississippi eco-centric;Shirt Montana Internal;Handmade Cotton Hat Generic;Money Market Account Regional;Metical;impactful Administrator;cross-media Universal;copying;Interactions Organic;plug-and-play;Handcrafted;Refined;implement Massachusetts;navigate Tasty Fresh Bike;e-tailers;quantify Extended;Designer;Savings Account;Handcrafted;2020-02-14;2020-02-14;leverage Internal Fresh;synthesizing Associate Awesome Plastic Table;SSL Palestinian Territory deposit;deposit Upgradable compressing;Computer;65795;46513;program;directional Moroccan Dirham uniform;14038;84289;17990;28588;2204;86867;9395;bypassing Gorgeous bricks-and-clicks;Avon Licensed;Awesome Shoes Robust;plug-and-play Rial Omani;2020-02-14;25623;69770;16676;65254;23699;17266;71715;indexing;optical leverage;Handmade Metal Chicken JBOD;Granite;2020-02-14;87838;61735;76164;48599;14618;64080;54803;Ergonomic;Inverse;Generic Cambridgeshire Plastic;neutral navigate;2020-02-13
2;content violet;Mississippi Product;Quetzal auxiliary index;SSL Auto Loan Account;green;2020-02-14;context-sensitive;Wisconsin;orange Rustic Wooden Ball;Plastic hack;Shoes;compress Gloves virtual;user-centric Credit Card Account Hong Kong;USB;JBOD copying;Checking Account Books;navigating;Singapore Dollar disintermediate deposit;Park Hong Kong Dollar Checking Account;methodologies payment;microchip Soft;Direct bi-directional;Product;open-source;leading-edge Programmable;Fantastic Metal Chicken SAS Handmade;eyeballs;back up Singapore Dollar;Buckinghamshire;Cambridgeshire Ethiopian Birr tan;Generic system;withdrawal;2020-02-13;2020-02-13;circuit zero defect invoice;Borders program;pricing structure Cotton Glen;EXE Direct Infrastructure;Cotton Sierra Leone Analyst;88028;92489;productivity;hierarchy;78603;45857;35895;8986;88331;35596;88118;Small SCSI Division;matrices grey Engineer;Avon analyzing;Alabama Burundi Franc Bike;2020-02-14;39421;98653;28858;92407;12224;79739;84394;Viaduct;International strategy;copying;deposit;2020-02-14;63108;37356;51560;87360;97612;8128;70961;Dynamic Corporate;GB Keyboard maximized;Metal;invoice focus group productivity;2020-02-13
3;Soap productize;generating;THX;Reverse-engineered Implemented;moratorium Malta killer;2020-02-14;Savings Account;backing up Directives Inlet;New Leu;connecting Berkshire;withdrawal mint green Realigned;Indian Rupee plug-and-play Human;Netherlands Antillian Guilder 24/365 redundant;Focused Guarani Egyptian Pound;Cheese;pixel New Hampshire Ball;program;Chips Brunei Dollar;Assistant Liaison;Forward Team-oriented;Industrial;Berkshire Avon online;Designer Object-based Soap;Tasty Granite Fish knowledge user;e-business Personal Loan Account Organic;Regional neural;circuit;Finland generating;Intelligent;leverage multi-byte;New Hampshire invoice;Berkshire;2020-02-14;2020-02-13;invoice;innovate;Ohio Handcrafted;deposit sticky Generic Soft Towels;benchmark;19958;24839;hack stable;Direct Investment Account Texas;34867;77568;5160;48789;1453;45042;31359;online Object-based;Buckinghamshire Toys;deliver Infrastructure Arkansas;Rustic Granite Computer;2020-02-14;79204;53655;59369;49252;87162;50248;59197;Quality-focused;District;Cotton;Greens Rubber;2020-02-14;80425;3879;80940;69202;52943;52375;97282;hard drive Borders;Awesome Optimization;withdrawal distributed;Investor;2020-02-14
4;Auto Loan Account monitor visionary;innovate;Strategist digital;override;Washington Senior;2020-02-14;calculate;models auxiliary;bi-directional;deposit Bedfordshire;Glen Data;Profit-focused Synchronised composite;Security;digital Granite Frozen;engage;Customer Legacy Movies;Concrete Costa Rican Colon;Greens Customizable real-time;Vermont copying;repurpose firmware;Metal;Directives;Rustic Frozen Hat Coordinator;Cambridgeshire Zloty;Specialist;Direct;efficient;Shoes;instruction set panel;mint green Loop;parsing Human transmitter;India overriding;2020-02-13;2020-02-14;experiences Planner;Liaison Electronics;mint green;engage;Integration;67266;86068;Handmade;Rustic Metal Fish Ports back-end;58821;95674;20844;8907;61695;2320;27452;PCI Baby;Sleek PNG;technologies payment sticky;Steel;2020-02-14;84052;2798;745;63483;99236;4481;21309;Handmade Concrete Chips New Hampshire e-enable;target Circle;Toys alarm;Sleek THX;2020-02-13;58500;17456;91047;35563;8804;76887;49510;actuating;end-to-end;Barbados Dollar copying Frozen;Phased coherent;2020-02-14
5;transmit web services cyan;Personal Loan Account function;invoice;iterate;Metal mission-critical;2020-02-13;leverage Officer Fish;networks Markets synergy;capability transmitting;Iowa;Money Market Account Concrete;back up generate;overriding Sleek Soft Pizza Soft;Group Savings Account;Credit Card Account;Kyrgyz Republic;Investor Credit Card Account;Chief;Lead neutral;Horizontal olive;Chicken primary;Fantastic Wooden Car Steel Checking Account;IB;Fresh;deposit;Facilitator cross-media virtual;1080p Developer experiences;Kip;JBOD payment Panama;strategy;Estonia Berkshire;West Virginia index;2020-02-14;2020-02-14;Handcrafted Rubber Car deposit convergence;Wooden withdrawal;EXE definition;Refined Wooden Shirt bandwidth;calculate protocol Intelligent Soft Computer;69704;21856;Michigan Product Buckinghamshire;Lead;86362;49797;70226;415;85094;95574;24510;Fantastic tan lavender;Associate mindshare;withdrawal Center;Savings Account interface Pants;2020-02-14;26668;9095;86990;11622;79470;15761;37725;Clothing navigate extend;Program;Guadeloupe Facilitator Regional;Toys;2020-02-14;75045;5452;4630;13871;4204;45861;79469;Open-source Movies Louisiana;input Borders;payment;Fresh FTP;2020-02-14
6;Concrete;web-readiness transmit;Missouri programming;optimizing New Zealand;directional technologies Practical Cotton Gloves;2020-02-14;Computers;Grass-roots;Illinois wireless;program;matrices firewall;repurpose;Markets Handcrafted Fresh Keyboard;North Carolina secondary;repurpose Club calculating;calculate Generic Specialist;Cambridgeshire;deliverables;Administrator;deposit Industrial;Borders primary;multi-byte;virtual grey Alabama;withdrawal Savings Account Investment Account;Configurable facilitate Stravenue;Concrete;transmitter red Future;Mobility Books;Gloves;Communications;generate indexing Yuan Renminbi;Industrial;2020-02-13;2020-02-14;Namibia;Awesome open-source Gabon;Grocery;Health;Rhode Island Awesome Soft Chicken Pizza;70102;88754;Quetzal synthesizing Skyway;facilitate bandwidth;87782;46537;40280;88532;96260;1697;54878;Cotton Handmade;Ports;Fish Money Market Account drive;Personal Loan Account alarm;2020-02-14;75236;54758;14954;17410;35128;7397;30031;Auto Loan Account bricks-and-clicks Car;Ergonomic;non-volatile withdrawal;e-services knowledge base;2020-02-14;87964;12051;97119;70336;9121;98688;42556;leading-edge Bike;array;lavender Fantastic Rubber Shoes;Handcrafted Metal Pizza;2020-02-14
7;alarm exuding;Producer;Cheese backing up;International productivity;implement driver payment;2020-02-14;Greece Product;Producer;Refined Granite Tuna Tasty Wooden Shirt;Assistant;calculate;Licensed Soft Cheese bandwidth;Cambridgeshire;Guadeloupe;synthesizing Small Plastic Car cohesive;Unbranded sexy Bike;Hollow collaboration;Credit Card Account;CSS transmitting;Savings Account Implementation;Cambridgeshire seize;directional Cocos (Keeling) Islands functionalities;Towels;Gambia;turquoise Strategist;Borders Ball;Soft;withdrawal;bluetooth Planner;Steel engage Home Loan Account;Handmade Concrete Computer Tennessee Pound Sterling;Pound Sterling SQL solution-oriented;2020-02-13;2020-02-14;strategic empowering Mouse;Horizontal 24/7 Bike;Cambridgeshire Concrete;cyan;Bike Sri Lanka Rupee;18159;6828;uniform;Shore;9294;23586;81966;86943;52488;71107;49949;wireless target;Cambridgeshire Direct;USB;Credit Card Account hack;2020-02-13;49268;82687;18886;91331;40952;98037;95479;Berkshire;neural Group;Investor Adaptive extranet;Factors calculating;2020-02-13;30609;52293;70807;58247;56263;91413;66692;azure neural;Rhode Island neural;SMTP;Garden Granite;2020-02-14
8;Metrics hacking;scalable 1080p Berkshire;monitor Danish Krone;Dong;hack backing up;2020-02-14;Cambridgeshire Money Market Account;TCP;Granite Corporate;Wooden lime Tunisia;interface National;Buckinghamshire Steel orchestration;Minnesota Quality;programming Shoes Home Loan Account;New York Massachusetts;wireless Books;exploit alarm auxiliary;Granite Pula;Buckinghamshire Jordan;overriding Shoes;Secured;Money Market Account;Incredible Frozen Shoes Kids;Representative Open-source;neural;Table budgetary management;Refined Soft Shoes blue envisioneer;Beauty seamless partnerships;optical utilisation Refined;Maine;Borders;next-generation database;2020-02-14;2020-02-14;Zimbabwe Dollar salmon seize;invoice local Puerto Rico;Zloty e-tailers turn-key;Fantastic Metal Shoes;Incredible;69214;84932;support engage payment;Brand capacitor;71239;52896;30677;36883;1418;28542;3044;firewall;virtual Handcrafted Concrete Pants quantify;Israel Future Buckinghamshire;transmitter;2020-02-14;91637;52422;92017;34837;69239;34889;55913;directional;revolutionize Tools teal;Bedfordshire quantifying;1080p synthesizing;2020-02-14;70460;66580;86783;86035;21365;34114;62769;Frozen;Anguilla;high-level Pike Sports;convergence District Borders;2020-02-14
9;Tasty relationships RAM;Ergonomic Fresh Shirt Incredible;hacking Configuration;withdrawal;ADP Ergonomic Personal Loan Account;2020-02-14;Soft;Orchestrator Soft;Kansas Future;sexy;AI Product homogeneous;Tools;Flat;invoice;Investment Account Avon;payment attitude-oriented;Sri Lanka Rupee;Cambridgeshire productize Handcrafted Concrete Soap;application port;CSS Plastic;Marketing Refined Frozen Cheese;Jamaica Tasty New Hampshire;generate;Borders lavender Tasty Rubber Pants;Harbor River Concrete;motivating Connecticut Corporate;Intelligent Cotton Ball Program indigo;port;Personal Loan Account Money Market Account;Personal Loan Account Auto Loan Account Haven;Cotton Small Concrete Car parse;challenge HDD;2020-02-14;2020-02-14;Web asymmetric;actuating experiences;back-end View;hacking vertical;Integration primary success;64896;67449;foreground Louisiana Ergonomic;gold deposit;55462;56112;31671;31345;34241;85063;15477;Massachusetts;Hat budgetary management Belarus;Brazilian Real Alabama;Savings Account Ergonomic Frozen Salad;2020-02-14;26248;67250;65267;54285;61164;25029;47797;back-end Enhanced;intuitive;value-added turquoise grow;Balanced relationships implement;2020-02-14;65264;6749;49725;69122;10271;71736;83571;Ergonomic Cotton Chair Libyan Arab Jamahiriya partnerships;Handmade Wooden Car;Towels Marketing;bleeding-edge directional;2020-02-14
10;Manager;Fish;haptic;platforms;uniform Gateway Green;2020-02-13;Fish Auto Loan Account Kids;hacking Views;wireless transmitting Specialist;circuit unleash JSON;Uzbekistan Sum GB back up;system-worthy;orange Data matrix;Home input Books;AI;reboot SMTP;SQL Enhanced;Handmade Cotton Hat Data;cyan Delaware;Gloves Progressive wireless;Branch Operations;virtual 24/7 methodical;Sleek;Louisiana toolset;Turnpike Legacy;Pants;connecting;payment morph Montenegro;Ergonomic Applications;experiences;multi-byte National;Solomon Islands Dollar Lari Applications;2020-02-14;2020-02-14;vertical Fields feed;pink compress;empowering hard drive Car;Credit Card Account withdrawal plug-and-play;whiteboard Legacy;62534;48907;connect salmon Quality-focused;Forward;7126;48789;13536;19416;47564;87101;53901;backing up Unbranded withdrawal;Licensed Fresh Pants leading edge;Credit Card Account River Planner;initiatives;2020-02-14;49229;84566;77558;91101;46705;68892;68532;hacking Senior;cross-platform;Games Strategist;Cloned matrix Personal Loan Account;2020-02-14;10624;40535;74921;38592;53977;97614;42825;Avon;payment Operations;calculating frictionless navigating;engage drive;2020-02-14
